Region,Country
Western Europe,Switzerland
Western Europe,Iceland
Western Europe,Denmark
Western Europe,Norway
North America,Canada
Western Europe,Finland
Western Europe,Netherlands
Western Europe,Sweden
Australia and New Zealand,New Zealand
Australia and New Zealand,Australia
Middle East and Northern Africa,Israel
Latin America and Caribbean,Costa Rica
Western Europe,Austria
Latin America and Caribbean,Mexico
North America,United States
Latin America and Caribbean,Brazil
Western Europe,Luxembourg
Western Europe,Ireland
Western Europe,Belgium
Middle East and Northern Africa,United Arab Emirates
Western Europe,United Kingdom
Middle East and Northern Africa,Oman
Latin America and Caribbean,Venezuela
Southeastern Asia,Singapore
Latin America and Caribbean,Panama
Western Europe,Germany
Latin America and Caribbean,Chile
Middle East and Northern Africa,Qatar
Western Europe,France
Latin America and Caribbean,Argentina
Central and Eastern Europe,Czech Republic
Latin America and Caribbean,Uruguay
Latin America and Caribbean,Colombia
Southeastern Asia,Thailand
Middle East and Northern Africa,Saudi Arabia
Western Europe,Spain
Western Europe,Malta
Eastern Asia,Taiwan
Middle East and Northern Africa,Kuwait
Latin America and Caribbean,Suriname
Latin America and Caribbean,Trinidad and Tobago
Latin America and Caribbean,El Salvador
Latin America and Caribbean,Guatemala
Central and Eastern Europe,Uzbekistan
Central and Eastern Europe,Slovakia
Eastern Asia,Japan
Eastern Asia,South Korea
Latin America and Caribbean,Ecuador
Middle East and Northern Africa,Bahrain
Western Europe,Italy
Latin America and Caribbean,Bolivia
Central and Eastern Europe,Moldova
Latin America and Caribbean,Paraguay
Central and Eastern Europe,Kazakhstan
Central and Eastern Europe,Slovenia
Central and Eastern Europe,Lithuania
Latin America and Caribbean,Nicaragua
Latin America and Caribbean,Peru
Central and Eastern Europe,Belarus
Central and Eastern Europe,Poland
Southeastern Asia,Malaysia
Central and Eastern Europe,Croatia
Middle East and Northern Africa,Libya
Central and Eastern Europe,Russia
Latin America and Caribbean,Jamaica
Western Europe,North Cyprus
Western Europe,Cyprus
Middle East and Northern Africa,Algeria
Central and Eastern Europe,Kosovo
Central and Eastern Europe,Turkmenistan
Sub-Saharan Africa,Mauritius
Eastern Asia,Hong Kong
Central and Eastern Europe,Estonia
Southeastern Asia,Indonesia
Southeastern Asia,Vietnam
Middle East and Northern Africa,Turkey
Central and Eastern Europe,Kyrgyzstan
Sub-Saharan Africa,Nigeria
Southern Asia,Bhutan
Central and Eastern Europe,Azerbaijan
Southern Asia,Pakistan
Middle East and Northern Africa,Jordan
Central and Eastern Europe,Montenegro
Eastern Asia,China
Sub-Saharan Africa,Zambia
Central and Eastern Europe,Romania
Central and Eastern Europe,Serbia
Western Europe,Portugal
Central and Eastern Europe,Latvia
Southeastern Asia,Philippines
Sub-Saharan Africa,Somaliland region
Middle East and Northern Africa,Morocco
Central and Eastern Europe,Macedonia
Sub-Saharan Africa,Mozambique
Central and Eastern Europe,Albania
Central and Eastern Europe,Bosnia and Herzegovina
Sub-Saharan Africa,Lesotho
Latin America and Caribbean,Dominican Republic
Southeastern Asia,Laos
Eastern Asia,Mongolia
Sub-Saharan Africa,Swaziland
Western Europe,Greece
Middle East and Northern Africa,Lebanon
Central and Eastern Europe,Hungary
Latin America and Caribbean,Honduras
Central and Eastern Europe,Tajikistan
Middle East and Northern Africa,Tunisia
Middle East and Northern Africa,Palestinian Territories
Southern Asia,Bangladesh
Middle East and Northern Africa,Iran
Central and Eastern Europe,Ukraine
Middle East and Northern Africa,Iraq
Sub-Saharan Africa,South Africa
Sub-Saharan Africa,Ghana
Sub-Saharan Africa,Zimbabwe
Sub-Saharan Africa,Liberia
Southern Asia,India
Sub-Saharan Africa,Sudan
Latin America and Caribbean,Haiti
Sub-Saharan Africa,Congo (Kinshasa)
Southern Asia,Nepal
Sub-Saharan Africa,Ethiopia
Sub-Saharan Africa,Sierra Leone
Sub-Saharan Africa,Mauritania
Sub-Saharan Africa,Kenya
Sub-Saharan Africa,Djibouti
Central and Eastern Europe,Armenia
Sub-Saharan Africa,Botswana
Southeastern Asia,Myanmar
Central and Eastern Europe,Georgia
Sub-Saharan Africa,Malawi
Southern Asia,Sri Lanka
Sub-Saharan Africa,Cameroon
Central and Eastern Europe,Bulgaria
Middle East and Northern Africa,Egypt
Middle East and Northern Africa,Yemen
Sub-Saharan Africa,Angola
Sub-Saharan Africa,Mali
Sub-Saharan Africa,Congo (Brazzaville)
Sub-Saharan Africa,Comoros
Sub-Saharan Africa,Uganda
Sub-Saharan Africa,Senegal
Sub-Saharan Africa,Gabon
Sub-Saharan Africa,Niger
Southeastern Asia,Cambodia
Sub-Saharan Africa,Tanzania
Sub-Saharan Africa,Madagascar
Sub-Saharan Africa,Central African Republic
Sub-Saharan Africa,Chad
Sub-Saharan Africa,Guinea
Sub-Saharan Africa,Ivory Coast
Sub-Saharan Africa,Burkina Faso
Southern Asia,Afghanistan
Sub-Saharan Africa,Rwanda
Sub-Saharan Africa,Benin
Middle East and Northern Africa,Syria
Sub-Saharan Africa,Burundi
Sub-Saharan Africa,Togo
